Violation_County,ticket_count,total_revenue,avg_fine
Bronx,2060,176600.0,85.72815533980582
Brooklyn,2918,250170.0,85.73337902673063
Manhattan,3496,300440.0,85.93821510297482
Queens,2463,212245.0,86.17336581404791
Staten Island,551,48165.0,87.41379310344827
